file_urls,image_urls,name,price,url
,https://hotline.ua/img/tx/505/505637835_s265.jpg,"Apple MacBook Air 13"" Space Gray Late 2020 (MGN63)",26334.0,https://hotline.ua/ua/computer-noutbuki-netbuki/apple-macbook-air-13-space-gray-late-2020-mgn63/
,https://hotline.ua/img/tx/492/492809728_s265.jpg,"Apple MacBook Pro 14"" Late 2024 Space Black (MX2H3)",86799.0,https://hotline.ua/ua/computer-noutbuki-netbuki/apple-macbook-pro-14-late-2024-space-black-mx2h3/
,https://hotline.ua/img/tx/510/510903803_s265.jpg,Lenovo LOQ 15ARP9 (83JC0000US),38794.0,https://hotline.ua/ua/computer-noutbuki-netbuki/lenovo-loq-15arp9-83jc0000us/
,https://hotline.ua/img/tx/492/492060042_s265.jpg,Lenovo LOQ 15IAX9 (83GS007MPB),33645.0,https://hotline.ua/ua/computer-noutbuki-netbuki/lenovo-loq-15iax9-83gs007mpb/
,https://hotline.ua/img/tx/510/510897081_s265.jpg,Lenovo LOQ 15ARP9 (83JC009CUS),44940.0,https://hotline.ua/ua/computer-noutbuki-netbuki/lenovo-loq-15arp9-83jc009cus/
,https://hotline.ua/img/tx/302/302379206_s265.jpg,Apple MacBook Pro 16” Space Gray 2021 (MK183),55244.0,https://hotline.ua/ua/computer-noutbuki-netbuki/apple-macbook-pro-16-space-gray-2021-mk183/
,https://hotline.ua/img/tx/510/510906130_s265.jpg,MSI Thin 15 B12VE (B12VE-1817XPL),29999.0,https://hotline.ua/ua/computer-noutbuki-netbuki/msi-thin-15-b12v-b12ve-1817xpl/
,https://hotline.ua/img/tx/341/341756494_s265.jpg,"Apple MacBook Air 13,6"" M2 Midnight 2022 (MLY33)",34796.0,https://hotline.ua/ua/computer-noutbuki-netbuki/apple-macbook-air-136-m2-midnight-2022-mly33/
,https://hotline.ua/img/tx/510/510927378_s265.jpg,ASUS TUF Gaming A15 FA507NUR (FA507NUR-LP005),35850.0,https://hotline.ua/ua/computer-noutbuki-netbuki/asus-tuf-gaming-a15-fa507nur-fa507nur-lp005/
,https://hotline.ua/img/tx/492/492819165_s265.jpg,"Apple MacBook Pro 14"" Late 2024 Space Black (MW2U3)",67748.0,https://hotline.ua/ua/computer-noutbuki-netbuki/apple-macbook-pro-14-late-2024-space-black-mw2u3/
,https://hotline.ua/img/tx/511/511653357_s265.jpg,Lenovo IdeaPad Gaming 3 15ACH6 Shadow Black (82K2028DPB),23970.0,https://hotline.ua/ua/computer-noutbuki-netbuki/lenovo-ideapad-gaming-3-15ach6-shadow-black-82k2028dpb/
,https://hotline.ua/img/tx/492/492814558_s265.jpg,"Apple MacBook Pro 16"" Late 2024 Space Black (MX2X3)",104205.0,https://hotline.ua/ua/computer-noutbuki-netbuki/apple-macbook-pro-16-late-2024-space-black-mx2x3/
,https://hotline.ua/img/tx/509/509639065_s265.jpg,Samsung Galaxy Book4 (NP750XGK-KS2US),29959.0,https://hotline.ua/ua/computer-noutbuki-netbuki/samsung-galaxy-book4-np750xgk-ks2us/
,https://hotline.ua/img/tx/494/494081645_s265.jpg,MSI Thin A15 B7UC (B7UC-258XPL),25750.0,https://hotline.ua/ua/computer-noutbuki-netbuki/msi-thin-a15-b7uc-b7uc-258xpl/
,https://hotline.ua/img/tx/508/508125642_s265.jpg,GIGABYTE G6X 9KG 2024 Gunmetal Gray (9KG-43EE854SD),42714.0,https://hotline.ua/ua/computer-noutbuki-netbuki/gigabyte-g6x-2024-9kg-9kg-43ee854sd/
,https://hotline.ua/img/tx/510/510506693_s265.jpg,Lenovo LOQ 15AHP9 (83DX00AVUS),44280.0,https://hotline.ua/ua/computer-noutbuki-netbuki/lenovo-loq-15ahp9-83dx00avus/
,https://hotline.ua/img/tx/510/510742185_s265.jpg,HP Victus 16-s1023dx (A1SV3UA),48999.0,https://hotline.ua/ua/computer-noutbuki-netbuki/hp-victus-16-s1023dx-a1sv3ua/
,https://hotline.ua/img/tx/447/447683532_s265.jpg,"Apple MacBook Air 13,6"" M3 2024 Silver (MRXQ3)",43209.0,https://hotline.ua/ua/computer-noutbuki-netbuki/apple-macbook-air-136-m3-2024-silver-mrxq3/
,https://hotline.ua/img/tx/511/511653367_s265.jpg,GIGABYTE G5 2024 (MF5-H2EE353KD),33385.0,https://hotline.ua/ua/computer-noutbuki-netbuki/gigabyte-g5-2024-mf5-h2ee353kd/
,https://hotline.ua/img/tx/511/511425201_s265.jpg,ASUS TUF Gaming A15 FA507NUR (FA507NUR-R7085),34399.0,https://hotline.ua/ua/computer-noutbuki-netbuki/asus-tuf-gaming-a15-fa507nur-fa507nur-r7085/
,https://hotline.ua/img/tx/505/505566226_s265.jpg,MSI Cyborg 15 A13VE (A13VE-1613XPL),31380.0,https://hotline.ua/ua/computer-noutbuki-netbuki/msi-cyborg-15-a13ve-a13ve-1613xpl/
,https://hotline.ua/img/tx/492/492270439_s265.jpg,"Apple MacBook Air 13,6"" Late 2024 Silver (MC7V4)",40107.0,https://hotline.ua/ua/computer-noutbuki-netbuki/apple-macbook-air-136-late-2024-silver-mc7v4/
,https://hotline.ua/img/tx/492/492810784_s265.jpg,"Apple MacBook Pro 16"" Late 2024 Silver (MX2U3)",119999.0,https://hotline.ua/ua/computer-noutbuki-netbuki/apple-macbook-pro-16-late-2024-silver-mx2u3/
,https://hotline.ua/img/tx/492/492207391_s265.jpg,Acer Predator Helios Neo PHN16-72-99PA (NH.QQXAA.002),56154.0,https://hotline.ua/ua/computer-noutbuki-netbuki/acer-predator-helios-neo-phn16-72-99pa-nhqqxaa002/
,https://hotline.ua/img/tx/495/495213322_s265.jpg,Lenovo LOQ 15IAX9 (83GS002NPB),29380.0,https://hotline.ua/ua/computer-noutbuki-netbuki/lenovo-loq-15iax9-83gs002npb/
,https://hotline.ua/img/tx/511/511441902_s265.jpg,ASUS TUF Gaming A16 Advantage Edition FA617NT (FA617NT-A16.R77700),37634.0,https://hotline.ua/ua/computer-noutbuki-netbuki/asus-tuf-a16-fa617nt-fa617nt-a16r77700/
,https://hotline.ua/img/tx/503/503176200_s265.jpg,ASUS ROG Zephyrus G14 GA403UV (GA403UV-G14.R94060),59640.0,https://hotline.ua/ua/computer-noutbuki-netbuki/asus-rog-zephyrus-g14-ga403uv-ga403uv-g14r94060/
,https://hotline.ua/img/tx/510/510832586_s265.jpg,ASUS ROG Zephyrus G16 GU603VI (GU603VI-G16.I74070),56444.0,https://hotline.ua/ua/computer-noutbuki-netbuki/asus-rog-zephyrus-g16-gu603vi-gu603vi-g16i74070/
,https://hotline.ua/img/tx/511/511627504_s265.jpg,Lenovo ThinkPad L16 Gen 1 (21L4S2Q600),25949.0,https://hotline.ua/ua/computer-noutbuki-netbuki/lenovo-thinkpad-l16-gen-1-21l4s2q600/
,https://hotline.ua/img/tx/447/447683449_s265.jpg,"Apple MacBook Air 13,6"" M3 2024 Midnight (MXCV3)",50996.0,https://hotline.ua/ua/computer-noutbuki-netbuki/apple-macbook-air-136-m3-2024-midnight-mxcv3/
,https://hotline.ua/img/tx/504/504630126_s265.jpg,Xiaomi Redmi Book Pro 16 2024 Ultra5/32G/1T (JYU4592CN),41890.0,https://hotline.ua/ua/computer-noutbuki-netbuki/xiaomi-redmi-book-pro-16-2024-ultra532g1t-jyu4592cn/
,https://hotline.ua/img/tx/402/402132848_s265.jpg,ASUS ROG Strix G17 G713PV (G713PV-WS94),51747.0,https://hotline.ua/ua/computer-noutbuki-netbuki/asus-rog-strix-g713pv-g713pv-ws94/
,https://hotline.ua/img/tx/420/420664330_s265.jpg,"Apple MacBook Pro 14"" Space Black Late 2023 (MRX33)",69969.0,https://hotline.ua/ua/computer-noutbuki-netbuki/apple-macbook-pro-14-space-black-late-2023-mrx33/
,https://hotline.ua/img/tx/508/508220203_s265.jpg,MSI Katana A17 AI B8VF (B8VF-1004XPL),47765.0,https://hotline.ua/ua/computer-noutbuki-netbuki/msi-katana-a17-ai-b8vf-b8vf-1004xpl/
,https://hotline.ua/img/tx/447/447683661_s265.jpg,"Apple MacBook Air 15"" M3 2024 Midnight (MXD43)",62012.0,https://hotline.ua/ua/computer-noutbuki-netbuki/apple-macbook-air-15-m3-2024-midnight-mxd43/
,https://hotline.ua/img/tx/508/508075227_s265.jpg,MSI Katana A15 B8VF (B8VF-487XPL),43576.0,https://hotline.ua/ua/computer-noutbuki-netbuki/msi-katana-a15-b8vf-b8vf-487xpl/
,https://hotline.ua/img/tx/492/492809584_s265.jpg,"Apple MacBook Pro 14"" Late 2024 Silver (MX2F3)",108898.0,https://hotline.ua/ua/computer-noutbuki-netbuki/apple-macbook-pro-14-late-2024-silver-mx2f3/
,https://hotline.ua/img/tx/485/485450064_s265.jpg,Acer Nitro V 15 ANV15-41 (NH.QSHEP.001),28640.0,https://hotline.ua/ua/computer-noutbuki-netbuki/acer-nitro-v-15-anv15-41-nhqshep001/
,https://hotline.ua/img/tx/505/505790326_s265.jpg,Acer Nitro V 16 ANV16-41 Black (NH.QRVEP.00J),32950.0,https://hotline.ua/ua/computer-noutbuki-netbuki/acer-nitro-v16-anv16-41-black-nhqrvep00j/
,https://hotline.ua/img/tx/402/402780331_s265.jpg,Acer Aspire 3 A315-24P (NX.KDEEP.008),16884.0,https://hotline.ua/ua/computer-noutbuki-netbuki/acer-aspire-3-a315-24p-nxkdeep008/
,https://hotline.ua/img/tx/492/492290077_s265.jpg,"Apple MacBook Air 13,6"" Late 2024 Silver (MC8H4)",45626.0,https://hotline.ua/ua/computer-noutbuki-netbuki/apple-macbook-air-136-late-2024-silver-mc8h4/
,https://hotline.ua/img/tx/447/447683645_s265.jpg,"Apple MacBook Air 15"" M3 2024 Midnight (MRYU3)",44935.0,https://hotline.ua/ua/computer-noutbuki-netbuki/apple-macbook-air-15-m3-2024-midnight-mryu3/
,https://hotline.ua/img/tx/510/510130620_s265.jpg,"ASUS TUF Gaming F17 FX707VV Mecha Gray (FX707VV-HX142, 90NR0CH5-M00720)",57989.0,https://hotline.ua/ua/computer-noutbuki-netbuki/asus-tuf-gaming-f17-fx707vv-mecha-gray-fx707vv-hx142-90nr0ch5-m00720/
,https://hotline.ua/img/tx/473/473173703_s265.jpg,HP Victus 15-fb2082wm (A14MNUA),30786.0,https://hotline.ua/ua/computer-noutbuki-netbuki/hp-victus-15-fb2082wm-a14mnua/
,https://hotline.ua/img/tx/391/391927407_s265.jpg,"Apple MacBook Air 15"" M2 Midnight 2023 (MQKW3)",39990.0,https://hotline.ua/ua/computer-noutbuki-netbuki/apple-macbook-air-15-m2-midnight-2023-mqkw3/
,https://hotline.ua/img/tx/420/420664627_s265.jpg,"Apple MacBook Pro 14"" Space Gray Late 2023 (MTL73)",48599.0,https://hotline.ua/ua/computer-noutbuki-netbuki/apple-macbook-pro-14-space-gray-late-2023-mtl73/
,https://hotline.ua/img/tx/302/302348312_s265.jpg,"Apple MacBook Pro 14” Space Gray 2021 (MKGP3, Z15G0016D)",55999.0,https://hotline.ua/ua/computer-noutbuki-netbuki/apple-macbook-pro-14-space-gray-2021-mkgp3/
,https://hotline.ua/img/tx/511/511775506_s265.jpg,MSI Katana 17 B12UCRK (B12UCRK-1055XPL),31460.0,https://hotline.ua/ua/computer-noutbuki-netbuki/msi-katana-17-b12ucrk-b12ucrk-1055xpl/
